Item Name,Location Name,Condition,Status,Notes
MacBook Pro 16-inch,Main Lab - Rack A,new,available,Batch 2026 Procurement
MacBook Pro 16-inch,Main Lab - Rack A,new,available,Batch 2026 Procurement
MacBook Pro 16-inch,Main Lab - Rack B,good,available,Dev Team Assigned
Dell UltraSharp 27 Monitor,Storage Room 101,new,available,Unopened Box
Dell UltraSharp 27 Monitor,Storage Room 101,good,available,Desk 4 Setup
Logitech MX Master 3S,Main Lab - Rack A,new,available,Spare mouse
Logitech MX Master 3S,Main Lab - Rack A,good,available,Desk 1 Mouse
Ergonomic Office Chair,Office Floor 2,good,available,Station 12 Chair
USB-C Hub Multiport Adapter,Storage Room 101,new,available,Adapter Stock
